Campaign Name,Ad Group Name,Ad Name,Subreddit,CPC (USD),Impressions,CTR,Clicks,Currency
Campaign 1,Ad group 1,Ad 1,cfb,0.24,832,0.001201923076923077,1
Campaign 1,Ad group 1,Ad 1,draftkingsdiscussion,0.0,4,0.0,0
Campaign 1,Ad group 1,Ad 1,dynastyff,0.04,284,0.007042253521126761,2
Campaign 1,Ad group 1,Ad 1,ealfantasyfootball,0.0,9,0.0,0
Campaign 1,Ad group 1,Ad 1,fantasyfootball,0.15,1134,0.001763668430335097,2
Campaign 1,Ad group 1,Ad 1,fantasyfootballadvice,0.01,66,0.015151515151515152,1
Campaign 1,Ad group 1,Ad 1,fantasyfootballcoding,0.0,4,0.0,0
Campaign 1,Ad group 1,Ad 1,fantasyfootballjunky,0.0,9,0.0,0
Campaign 1,Ad group 1,Ad 1,gambling,0.0,118,0.0,0
Campaign 1,Ad group 1,Ad 1,jaguars,0.0,66,0.0,0
Campaign 1,Ad group 1,Ad 1,nfl,0.18,2748,0.001455604075691412,4
Campaign 1,Ad group 1,Ad 1,nfl_draft,0.0,132,0.0,0
Campaign 1,Ad group 1,Ad 1,onlinegambling,0.0,9,0.0,0
Campaign 1,Ad group 1,Ad 1,ravens,0.04,167,0.005988023952095809,1
Campaign 1,Ad group 1,Ad 1,sports,0.41,6287,0.000795291872117067,5
Campaign 1,Ad group 1,Ad 1,sportsbetting,0.0,354,0.0,0
Campaign 1,Ad group 1,Ad 1,sportsbook,0.0,502,0.0,0
Campaign 1,Ad group 1,Ad 1,sportsgambling,0.0,9,0.0,0
Campaign 2,Ad group 1,Ad 1,bettingpicks,0.0,8,0.0,0
Campaign 2,Ad group 1,Ad 1,cfb,0.04,297,0.006734006734006734,2
Campaign 2,Ad group 1,Ad 1,dynastyff,0.0,132,0.0,0
Campaign 2,Ad group 1,Ad 1,dynastyfftradeadvice,0.03,100,0.01,1
Campaign 2,Ad group 1,Ad 1,ealfantasyfootball,0.0,4,0.0,0
Campaign 2,Ad group 1,Ad 1,fantasyfootball,0.12,392,0.002551020408163265,1
Campaign 2,Ad group 1,Ad 1,gambling,0.0,49,0.0,0
Campaign 2,Ad group 1,Ad 1,jaguars,0.0,25,0.0,0
Campaign 2,Ad group 1,Ad 1,lakers,0.15,486,0.00205761316872428,1
Campaign 2,Ad group 1,Ad 1,nba,0.16,2700,0.001851851851851852,5
Campaign 2,Ad group 1,Ad 1,nbacirclejerk,0.0,414,0.0,0
Campaign 2,Ad group 1,Ad 1,nfl,0.14,957,0.0020898641588296763,2
Campaign 2,Ad group 1,Ad 1,nfl_draft,0.0,74,0.0,0
Campaign 2,Ad group 1,Ad 1,onlinegambling,0.0,12,0.0,0
Campaign 2,Ad group 1,Ad 1,sports,0.29,2950,0.001016949152542373,3
Campaign 2,Ad group 1,Ad 1,sportsbetting,0.04,106,0.009433962264150943,1
Campaign 2,Ad group 1,Ad 1,sportsbook,0.0,145,0.0,0
Campaign 2,Ad group 1,Ad 1,barstoolsports,0.0,37,0.0,0
Campaign 2,Ad group 1,Ad 1,bettingpicks,0.0,21,0.0,0
Campaign 2,Ad group 1,Ad 1,cfb,0.0,164,0.0,0
Campaign 2,Ad group 1,Ad 1,draftkingsdiscussion,0.0,6,0.0,0
Campaign 2,Ad group 1,Ad 1,dynastyff,0.0,242,0.0,0
Campaign 2,Ad group 1,Ad 1,dynastyfftradeadvice,0.0,198,0.0,0
Campaign 2,Ad group 1,Ad 1,ealfantasyfootball,0.0,4,0.0,0
Campaign 2,Ad group 1,Ad 1,fantasyfootball,0.0,674,0.0,0
Campaign 2,Ad group 1,Ad 1,fantasyfootballjunky,0.0,6,0.0,0
Campaign 2,Ad group 1,Ad 1,gambling,0.0,129,0.0,0
Campaign 2,Ad group 1,Ad 1,itstheyak,0.0,6,0.0,0
Campaign 2,Ad group 1,Ad 1,jaguars,0.0,38,0.0,0
Campaign 2,Ad group 1,Ad 1,lakers,0.23,966,0.0010351966873706005,1
Campaign 2,Ad group 1,Ad 1,nba,0.21,5337,0.0011242270938729624,6
Campaign 2,Ad group 1,Ad 1,nbacirclejerk,0.2,808,0.0012376237623762376,1
Campaign 2,Ad group 1,Ad 1,nfl,0.46,1923,0.0005200208008320333,1
Campaign 2,Ad group 1,Ad 1,nfl_draft,0.0,84,0.0,0
Campaign 2,Ad group 1,Ad 1,onlinegambling,0.0,24,0.0,0
Campaign 2,Ad group 1,Ad 1,pardonmytake,0.0,14,0.0,0
Campaign 2,Ad group 1,Ad 1,sports,0.1,6347,0.002363321254135812,15
Campaign 2,Ad group 1,Ad 1,sportsbetting,0.06,226,0.004424778761061947,1
Campaign 2,Ad group 1,Ad 1,sportsbook,0.0,343,0.0,0
Campaign 3,Ad group 1,Ad 1,[Automated targeting],0.0,9,0.0,0
Campaign 3,Ad group 1,Ad 1,asx_bets,0.0,57,0.0,0
Campaign 3,Ad group 1,Ad 1,ausstocks,0.0,25,0.0,0
Campaign 3,Ad group 1,Ad 1,barstoolsports,0.0,415,0.0,0
Campaign 3,Ad group 1,Ad 1,bettingpicks,0.0,249,0.0,0
Campaign 3,Ad group 1,Ad 1,cfb,0.23,750,0.0013333333333333333,1
Campaign 3,Ad group 1,Ad 1,dkng,0.0,14,0.0,0
Campaign 3,Ad group 1,Ad 1,draftkingsdiscussion,0.05,94,0.010638297872340425,1
Campaign 3,Ad group 1,Ad 1,dynastyff,0.23,2061,0.001455604075691412,3
Campaign 3,Ad group 1,Ad 1,dynastyfftradeadvice,0.13,1947,0.0025680534155110425,5
Campaign 3,Ad group 1,Ad 1,ealfantasyfootball,0.0,63,0.0,0
Campaign 3,Ad group 1,Ad 1,fantasy_football,0.0,722,0.0,0
Campaign 3,Ad group 1,Ad 1,fantasyfootball,0.12,5648,0.0026558073654390935,15
Campaign 3,Ad group 1,Ad 1,fantasyfootballadvice,0.0,512,0.0,0
Campaign 3,Ad group 1,Ad 1,fantasyfootballcoding,0.0,12,0.0,0
Campaign 3,Ad group 1,Ad 1,fantasyfootballers,0.19,602,0.0016611295681063123,1
Campaign 3,Ad group 1,Ad 1,fantasyfootballjunky,0.0,50,0.0,0
Campaign 3,Ad group 1,Ad 1,gambling,0.11,1533,0.003913894324853229,6
Campaign 3,Ad group 1,Ad 1,itstheyak,0.0,102,0.0,0
Campaign 3,Ad group 1,Ad 1,jaguars,0.0,307,0.0,0
Campaign 3,Ad group 1,Ad 1,lakers,0.12,5136,0.002336448598130841,12
Campaign 3,Ad group 1,Ad 1,lockpicking,0.0,89,0.0,0
Campaign 3,Ad group 1,Ad 1,nba,0.15,29134,0.002059449440516235,60
Campaign 3,Ad group 1,Ad 1,nbacirclejerk,0.1,4523,0.0033163829316825116,15
Campaign 3,Ad group 1,Ad 1,nfl,0.13,12852,0.002412075941487706,31
Campaign 3,Ad group 1,Ad 1,nfl_draft,0.2,614,0.0016286644951140066,1
Campaign 3,Ad group 1,Ad 1,onlinegambling,0.0,285,0.0,0
Campaign 3,Ad group 1,Ad 1,pardonmytake,0.0,195,0.0,0
Campaign 3,Ad group 1,Ad 1,sleeperapp,0.0,564,0.0,0
Campaign 3,Ad group 1,Ad 1,soccerbetting,0.04,572,0.008741258741258742,5
Campaign 3,Ad group 1,Ad 1,sports,0.13,31258,0.0024633693774393757,77
Campaign 3,Ad group 1,Ad 1,sportsbetting,0.06,2803,0.0067784516589368534,19
Campaign 3,Ad group 1,Ad 1,sportsbook,0.08,3712,0.0045797413793103444,17
Campaign New,Ad group 1,Ad 1,asx_bets,0.0,28,0.0,0
Campaign New,Ad group 1,Ad 1,ausstocks,0.0,11,0.0,0
Campaign New,Ad group 1,Ad 1,barstoolsports,0.0,11,0.0,0
Campaign New,Ad group 1,Ad 1,bettingpicks,0.0,8,0.0,0
Campaign New,Ad group 1,Ad 1,cfb,0.0,163,0.0,0
Campaign New,Ad group 1,Ad 1,dkng,0.0,2,0.0,0
Campaign New,Ad group 1,Ad 1,draftkingsdiscussion,0.0,4,0.0,0
Campaign New,Ad group 1,Ad 1,dynastyff,0.0,61,0.0,0
Campaign New,Ad group 1,Ad 1,dynastyfftradeadvice,0.0,45,0.0,0
Campaign New,Ad group 1,Ad 1,ealfantasyfootball,0.0,5,0.0,0
Campaign New,Ad group 1,Ad 1,fantasy_football,0.0,114,0.0,0
Campaign New,Ad group 1,Ad 1,fantasyfootball,0.0,207,0.0,0
Campaign New,Ad group 1,Ad 1,fantasyfootballadvice,0.0,79,0.0,0
Campaign New,Ad group 1,Ad 1,fantasyfootballers,0.0,101,0.0,0
Campaign New,Ad group 1,Ad 1,gambling,0.0,52,0.0,0
Campaign New,Ad group 1,Ad 1,itstheyak,0.0,2,0.0,0
Campaign New,Ad group 1,Ad 1,lockpicking,0.0,29,0.0,0
Campaign New,Ad group 1,Ad 1,nba,0.34,979,0.0020429009193054137,2
Campaign New,Ad group 1,Ad 1,nbacirclejerk,0.08,116,0.008620689655172414,1
Campaign New,Ad group 1,Ad 1,nfl,0.32,422,0.002369668246445498,1
Campaign New,Ad group 1,Ad 1,nfl_draft,0.0,18,0.0,0
Campaign New,Ad group 1,Ad 1,onlinegambling,0.0,13,0.0,0
Campaign New,Ad group 1,Ad 1,pardonmytake,0.0,4,0.0,0
Campaign New,Ad group 1,Ad 1,sleeperapp,0.0,94,0.0,0
Campaign New,Ad group 1,Ad 1,soccerbetting,0.0,80,0.0,0
Campaign New,Ad group 1,Ad 1,sports,0.35,1284,0.002336448598130841,3
Campaign New,Ad group 1,Ad 1,sportsbetting,0.0,73,0.0,0
Campaign New,Ad group 1,Ad 1,sportsbook,0.0,133,0.0,0
